{
    "gaussian": {
        "raw": [
            -0.6384983471762097,
            -1.5157201989185336,
            2.11067120962802,
            0.146905850259375,
            0.3796836812820281,
            -2.0195176452322725,
            -0.388995780153344,
            -1.276706244651792,
            2.109537206313051,
            0.058374841932671964
        ],
        "mean": -0.1034265426717006,
        "std": 1.324088149021632,
        "se": 0.44136271634054397,
        "n": 10,
        "confidence": 0.9,
        "confidence_interval": [
            -0.9124942459866892,
            0.7056411606432876
        ]
    }
}